title,address,city,state,country,price,bedrooms,bathrooms,sqft,property_type,amenities,description,virtual_tour_url
Luxury Waterfront Villa,123 Ocean Drive,Miami,FL,USA,1250000,4,3.5,2850,single_family,pool;garage;smart home;ocean view;gourmet kitchen,Contemporary waterfront home with stunning ocean views. Features open-concept living with floor-to-ceiling windows. Gourmet kitchen with premium appliances. Master suite with spa bathroom. Private pool and outdoor entertainment area. Smart home technology throughout.,https://example.com/tour/miami1
Modern Downtown Condo,456 Main Street #2401,Austin,TX,USA,550000,2,2,1450,condo,gym;concierge;rooftop pool;pet friendly;parking,Stunning high-rise condo in the heart of downtown Austin. Features modern finishes throughout with hardwood floors and quartz countertops. Building amenities include state-of-the-art fitness center and rooftop pool with city views. Walking distance to restaurants and entertainment.,https://example.com/tour/austin1
Spacious Family Home,789 Maple Avenue,Denver,CO,USA,675000,5,3,3200,single_family,large yard;basement;2-car garage;mountain views;fireplace,Perfect family home in quiet neighborhood. Spacious layout with formal living and dining rooms. Updated kitchen with granite counters and stainless appliances. Finished basement provides extra living space. Large backyard backs to open space with mountain views.,https://example.com/tour/denver1
Beachfront Paradise,234 Coastal Highway,Miami,FL,USA,2150000,5,4.5,4200,single_family,private beach access;pool;hot tub;outdoor kitchen;wine cellar,Spectacular beachfront estate with direct ocean access. Designer finishes throughout including marble floors and custom millwork. Chef's kitchen with top-of-the-line appliances. Master retreat with ocean views. Resort-style backyard with infinity pool.,https://example.com/tour/miami2
Urban Loft,567 Industrial Blvd #305,Austin,TX,USA,425000,1,1,980,condo,exposed brick;high ceilings;downtown;parking;storage,Trendy loft in converted warehouse. Features exposed brick walls and 14-foot ceilings. Open floor plan with modern kitchen. Large windows flood space with natural light. Prime downtown location near tech companies and nightlife.,https://example.com/tour/austin2
Mountain Retreat,890 Pine Ridge Road,Denver,CO,USA,850000,4,3.5,3600,single_family,mountain views;deck;fireplace;vaulted ceilings;wildlife,Stunning mountain home on 2 acres. Vaulted ceilings and floor-to-ceiling windows showcase incredible views. Gourmet kitchen with granite island. Large deck perfect for entertaining. Close to hiking and skiing.,https://example.com/tour/denver2
Luxury Penthouse,111 Brickell Avenue #4501,Miami,FL,USA,3500000,3,3.5,3800,condo,panoramic views;private elevator;concierge;valet;rooftop,Rare penthouse opportunity in prestigious Brickell tower. 360-degree views of bay and ocean. Private elevator entry. Italian marble throughout. Smart home automation. Two parking spaces and storage.,https://example.com/tour/miami3
Hill Country Estate,222 Ranch Road,Austin,TX,USA,1850000,6,5,5500,single_family,pool;guest house;tennis court;20 acres;horse facilities,Magnificent Hill Country estate on 20 acres. Main house plus guest house. Resort-style pool and spa. Lighted tennis court. Barn and paddocks for horses. Panoramic views and complete privacy.,https://example.com/tour/austin3
Cozy Craftsman,333 Oak Street,Denver,CO,USA,525000,3,2,1800,single_family,hardwood floors;front porch;updated kitchen;walk to shops;fenced yard,Charming craftsman bungalow in walkable neighborhood. Original hardwood floors and built-ins. Updated kitchen with white cabinets. Covered front porch. Fenced backyard with mature trees. Close to parks and restaurants.,https://example.com/tour/denver3
Art Deco Gem,444 Collins Avenue,Miami,FL,USA,695000,2,2,1600,condo,historic building;beach access;balcony;updated interior;parking,Beautifully updated unit in iconic Art Deco building. Maintains period charm while offering modern amenities. Open kitchen with stainless appliances. Balcony overlooks ocean. Steps to beach and South Beach nightlife.,https://example.com/tour/miami4
Tech Worker Special,555 Domain Drive #1208,Austin,TX,USA,475000,2,2,1300,condo,near tech campus;pool;gym;work from home office;pet friendly,Perfect for tech professionals. Located near major tech campuses. Modern finishes with dedicated office space. Building amenities include pool and 24-hour gym. Pet-friendly with dog park on-site.,https://example.com/tour/austin4
Golf Course Living,666 Fairway Lane,Denver,CO,USA,925000,4,3.5,3400,single_family,golf course views;clubhouse access;upgraded kitchen;3-car garage;patio,Premier golf course community home. Backs to 18th fairway with mountain backdrop. Gourmet kitchen with Viking appliances. Main floor master suite. Oversized 3-car garage. Club membership available.,https://example.com/tour/denver4
Investor Opportunity,777 Northeast 2nd Avenue,Miami,FL,USA,385000,2,2,1200,condo,rental income;near beach;renovated;low HOA;parking,Great investment property in up-and-coming neighborhood. Recently renovated with modern finishes. Strong rental history. Low HOA fees. Walking distance to beach and Wynwood Arts District.,https://example.com/tour/miami5
Lake Travis Oasis,888 Lakeview Drive,Austin,TX,USA,1295000,4,3.5,3800,single_family,lake access;boat dock;pool;outdoor living;sunset views,Stunning Lake Travis waterfront home. Private boat dock and lake access. Infinity pool overlooking water. Multiple outdoor living spaces. Gourmet kitchen opens to great room. Master suite with lake views.,https://example.com/tour/austin5
Downtown Walkable,999 Broadway,Denver,CO,USA,595000,3,2.5,2100,townhouse,walkable;rooftop deck;modern;garage;near transit,Modern townhome in heart of downtown. Walk to work and entertainment. Open concept main floor. Rooftop deck with city and mountain views. Attached 2-car garage. Light rail station two blocks away.,https://example.com/tour/denver5
Coral Gables Classic,1010 Granada Boulevard,Miami,FL,USA,1650000,5,4,4000,single_family,historic district;pool;tropical landscaping;updated;guest suite,Mediterranean-style home in prestigious Coral Gables. Original architectural details with modern updates. Chef's kitchen with butler's pantry. Saltwater pool surrounded by lush tropical landscaping. Separate guest suite.,https://example.com/tour/miami6
Barton Creek Beauty,1111 Barton Creek Boulevard,Austin,TX,USA,775000,3,3,2600,single_family,greenbelt access;deck;office;renovated;near trails,Sophisticated home near Barton Creek Greenbelt. Completely renovated with designer finishes. Home office with built-ins. Large deck perfect for entertaining. Direct access to hiking and biking trails.,https://example.com/tour/austin6
Cherry Creek Charm,1212 Cherry Creek Drive,Denver,CO,USA,1150000,4,3.5,3200,single_family,premium location;shopping;dining;updated;patio,Elegant home in Denver's most desirable neighborhood. Walking distance to Cherry Creek shopping and dining. Hardwood floors throughout. Updated kitchen with marble counters. Private backyard with covered patio.,https://example.com/tour/denver6
Starter Home Deal,1313 Palm Avenue,Miami,FL,USA,295000,2,1,950,condo,affordable;near metro;community pool;updated kitchen;parking,Perfect starter home or investment. Updated kitchen and bathroom. Community pool and recreation area. Near Metrorail for easy commuting. Low HOA fees. Move-in ready condition.,https://example.com/tour/miami7
New Construction Modern,1414 Rainey Street,Austin,TX,USA,625000,2,2.5,1650,townhouse,brand new;rooftop;walkable;energy efficient;warranty,Brand new construction in trendy Rainey Street district. Modern design with high-end finishes. Energy efficient with smart home features. Private rooftop terrace. Walk to bars and restaurants. Builder warranty included.,https://example.com/tour/austin7
